{
  "train_loss": [
    0.5701351587971052,
    0.4346362315118313,
    0.2792222183197737,
    0.2326354719698429,
    0.22094641687969366,
    0.21744667428235212,
    0.211705115934213,
    0.20865550575157008,
    0.20681044707695642,
    0.20482957549393177,
    0.20261751177410284,
    0.20242401647071043,
    0.20160009091099104,
    0.1999726196130117,
    0.19992483717699847,
    0.20285543675223985,
    0.20200584145883718,
    0.19932386527458826,
    0.198446041593949,
    0.1959356057147185,
    0.19599729838470617,
    0.19425307648877302,
    0.19224308741589388,
    0.18995393998920918,
    0.19025700415174165,
    0.18889841747780642,
    0.18804795605440935,
    0.18783051520586014,
    0.18808402555684248,
    0.18739498406648636
  ],
  "val_loss": [
    0.544368843237559,
    0.3419301509857178,
    0.23986954987049103,
    0.21125819782416025,
    0.21740086873372397,
    0.20282105604807535,
    0.1997198760509491,
    0.19756333033243814,
    0.19809234142303467,
    0.1958222289880117,
    0.19557006160418192,
    0.20017329355080923,
    0.19565430780251822,
    0.19474102556705475,
    0.19438118735949197,
    0.2015779068072637,
    0.20475788911183676,
    0.1939621071020762,
    0.19682211180528006,
    0.1924165884653727,
    0.1993185430765152,
    0.19397438565889993,
    0.18661832312742868,
    0.18701066573460898,
    0.18421090642611185,
    0.18479457994302115,
    0.18434038758277893,
    0.18432087202866873,
    0.18445264299710593,
    0.1842706799507141
  ],
  "val_mse": [
    151582.45202205883,
    92131.91470588236,
    64564.074678308825,
    58136.834375,
    61109.98497242647,
    54045.1807444853,
    55812.132674632354,
    54058.06227022059,
    55916.32380514706,
    54361.47366727941,
    53855.17670036765,
    56191.47715992647,
    53515.33961397059,
    54100.79209558824,
    53707.62284007353,
    52802.86135110294,
    59244.35583639706,
    51857.50514705882,
    51654.843290441175,
    54560.919439338235,
    57764.59057904412,
    52227.379411764705,
    51810.75942095588,
    52625.90625,
    52110.70289522059,
    51596.352665441176,
    51720.559742647056,
    51596.723805147056,
    51770.89917279412,
    51519.91700367647
  ]
}