{
  "train_loss": [
    0.6571274418383837,
    0.4085024939849973,
    0.28158543864265084,
    0.2684497404843569,
    0.2618757802993059,
    0.25625466043129563,
    0.2523861778900027,
    0.2483242265880108,
    0.24515800923109055,
    0.24343345500528812,
    0.24253653222694993,
    0.2415248337201774,
    0.23995132278651,
    0.23969095898792148,
    0.23976260609924793,
    0.2486527729779482,
    0.2477564997971058,
    0.2418719488196075,
    0.2408466786146164
  ],
  "val_loss": [
    0.538266658782959,
    0.2815786898136139,
    0.23852218687534332,
    0.24265271425247192,
    0.24027873948216438,
    0.23504120856523514,
    0.22926176711916924,
    0.23547226935625076,
    0.22951515018939972,
    0.2296455316245556,
    0.22774163633584976,
    0.22985262796282768,
    0.22809471189975739,
    0.22876602783799171,
    0.22819489613175392,
    0.24936263263225555,
    0.23523886129260063,
    0.22996395826339722,
    0.22803641110658646
  ],
  "val_mse": [
    118682.3162006579,
    81589.7461622807,
    78979.77453399122,
    77581.45189144737,
    71087.26274671052,
    73714.58717105263,
    75536.33045504386,
    79498.5822368421,
    72839.93832236843,
    73425.16543311403,
    80801.36595394737,
    77470.9177631579,
    77969.2889254386,
    78589.42324561403,
    77372.69709429824,
    66044.63760964913,
    81822.84169407895,
    82232.66461074562,
    70091.26685855263
  ]
}