{
  "train_loss": [
    4.4825803736845655,
    1.3740552365779877,
    1.2902798354625702,
    1.2660619219144185,
    1.249348262945811
  ],
  "val_loss": [
    1.6839324831962585,
    1.4833770394325256,
    1.4604846835136414,
    1.4385648965835571,
    1.4282717108726501
  ],
  "best_val_loss": 1.4282717108726501,
  "best_epoch": 4
}